CID,Cname,Ccontact,Caddress,Pincode
4001,Olivia Smith,+91 223-4567,"2197 Broadway, New York, NY ",98023
4002,Ethan Thompson,+91 345-6789,"225 Central Park West, New York, NY ",45678
4003,Sophia Johnson,+91 456-7890,"949 2nd Ave, New York, NY ",12346
4004,Benjamin Campbell,+91 567-8901,"119 MacDougal St, New York, NY ",78901
4005,Isabella Miller,+91 678-9012,"514 Columbus Ave, New York, NY ",34569
4006,Alexander Foster,+91 789-0123,"444 Columbus Ave, New York, NY ",67890
4007,Mia Simmons,+91 890-1234,"201 W 83rd St, New York, NY ",23456
4008,Daniel Porter,+91 901-1235,"170 Central Park West, New York, NY ",89012
4009,Charlotte Brown,+91 123-4567,"833 2nd Ave, New York, NY ",34567
4010,Henry Russell,+91 234-5678,"128 W 72nd St, New York, NY",98023
4011,Amelia Wilson,+91 345-6789,"2187 Broadway, New York, NY ",12345
4012,Jack Harrison,+91 456-7890,"324 Central Park West, New York, NY ",67890
4013,Harper Woods,+91 567-8901,"849 2nd Ave, New York, NY ",23456
4014,Alexander Mitchell,+91 678-9012,"219 MacDougal St, New York, NY ",89012
4015,Ella Porter,+91 789-0123,"414 Columbus Ave, New York, NY ",12345
4016,Grayson Smith,+91 890-1234,"744 Columbus Ave, New York, NY ",67890
4017,Abigail Turner,+91 901-1235,"601 W 83rd St, New York, NY ",23456
4018,Julian Porter,+91 123-4567,"770 Central Park West, New York, NY ",89012
4019,Emily Thompson,+91 234-5678,"803 2nd Ave, New York, NY ",34567
4020,Leo Foster,+91 345-6789,"348 W 72nd St, New York, NY",98023
4021,Avery Simmons,+91 456-7890,"2697 Broadway, New York, NY ",12345
4022,Owen Campbell,+91 567-8901,"765 Central Park West, New York, NY ",67890
4023,Scarlett Brown,+91 678-9012,"989 2nd Ave, New York, NY ",23456
4024,Isaac Russell,+91 789-0123,"449 MacDougal St, New York, NY ",89012
4025,Luna Wilson,+91 890-1234,"344 Columbus Ave, New York, NY ",34567
4026,Gabriel Thompson,+91 901-1235,"544 Columbus Ave, New York, NY ",12345
4027,Chloe Campbell,+91 123-4567,"671 W 83rd St, New York, NY ",67890
4028,Anthony Porter,+91 234-5678,"470 Central Park West, New York, NY ",23456
4029,Aria Simmons,+91 345-6789,"983 2nd Ave, New York, NY ",89012
4030,Angel Porter,+91 456-7890,"788 W 72nd St, New York, NY",34567
